id,pdf_name,pdf_path,page,question,gt_answer,pred_answer,is_correct,raw_output,n_text_docs,n_image_docs,n_images_used
A6V12681514_p1_q0001,A6V12681514.pdf,C:\Users\rozku\Desktop\Research_Internship\Project\siemens_manuals\A6V12681514.pdf,1,"The following is a question about an industrial device. Give only the letter choice in your answer.

Question: When wiring an SSE161.05U or SSF161.05U actuator for modulating control, which terminal is used to receive the DC 0–10 V positioning signal?
A. G
B. G0
C. Y
D. SP
Answer:",C,C,1,C,3,3,3
A6V12681514_p1_q0002,A6V12681514.pdf,C:\Users\rozku\Desktop\Research_Internship\Project\siemens_manuals\A6V12681514.pdf,1,"The following is a question about an industrial device. Give only the letter choice in your answer.

Question: While working on one of these actuators, you notice the status LED alternating between green and red every half-second. What does this indicate?
A. Calibration in progress
B. Error condition
C. Standard running indication
D. Manual operation mode
Answer:",D,D,1,D,3,3,3
A6V12681514_p1_q0003,A6V12681514.pdf,C:\Users\rozku\Desktop\Research_Internship\Project\siemens_manuals\A6V12681514.pdf,1,"The following is a question about an industrial device. Give only the letter choice in your answer.

Question: When installing one of these actuators onto a third-party valve body, what threaded connection must the valve provide to ensure proper mounting with the coupling nut?
A. M25 × 1.0
B. M28 × 1.0
C. M30 × 1.5
D. M32 × 1.5
Answer:",C,C,1,C,3,3,3
A6V14140218_p1_q0004,A6V14140218.pdf,C:\Users\rozku\Desktop\Research_Internship\Project\siemens_manuals\A6V14140218.pdf,1,"The following is a question about an industrial device. Give only the letter choice in your answer.

Question: While connecting an SL2-Series strobe or horn-strobe, you notice the device supports multiple candela settings. Which group of candela levels can be selected directly on the appliance?
A. 10cd | 25cd | 50cd | 75cd | 100cd
B. 15cd | 30cd | 75cd | 110cd | 135cd | 185cd
C. 20cd | 40cd | 60cd | 80cd | 100cd
D. 10cd | 30cd | 60cd | 120cd
Answer:",B,B,1,B,3,3,3
A6V14140218_p1_q0005,A6V14140218.pdf,C:\Users\rozku\Desktop\Research_Internship\Project\siemens_manuals\A6V14140218.pdf,1,"The following is a question about an industrial device. Give only the letter choice in your answer.

Question: When configuring the audible portion of an SL2 horn or horn-strobe, which set of temporal patterns can the device provide?
A. Continuous only
B. Code 4 only
C. Continuous, Code 3, and T3/T4 selectable
D. Only manufacturer-proprietary sync patterns
Answer:",C,C,1,C,3,3,3
A6V14140218_p1_q0006,A6V14140218.pdf,C:\Users\rozku\Desktop\Research_Internship\Project\siemens_manuals\A6V14140218.pdf,1,"The following is a question about an industrial device. Give only the letter choice in your answer.

Question: When measuring current draw on a 24-V system with an SL2 horn-strobe operating at high dB output and 135 cd, what should a technician expect in terms of current demand?
A. Around 0.146 A
B. Around 0.020 A
C. Less than 0.010 A
D. More than 0.300 A
Answer:",A,A,1,A,3,3,3
A6V14140220_p1_q0007,A6V14140220.pdf,C:\Users\rozku\Desktop\Research_Internship\Project\siemens_manuals\A6V14140220.pdf,1,"The following is a question about an industrial device. Give only the letter choice in your answer.

Question: When setting up an SL2CHC chime appliance, which operating modes can the technician choose for the audible signal?
A. Only continuous tone
B. 1 Hz, 2 Hz, coded, or temporal Code-3
C. Only temporal Code-3
D. Only Siemens-synchronized tones
Answer:",B,B,1,B,3,3,3
A6V14140220_p1_q0008,A6V14140220.pdf,C:\Users\rozku\Desktop\Research_Internship\Project\siemens_manuals\A6V14140220.pdf,1,"The following is a question about an industrial device. Give only the letter choice in your answer.

Question: A technician needs to set the candela output on an SL2CHSC chime-strobe. Which group of candela levels is available on the device?
A. 10cd | 20cd | 40cd | 80cd | 160cd
B. 15cd | 30cd | 75cd | 110cd | 150cd | 177cd
C. 20cd | 40cd | 60cd | 80cd | 100cd
D. 50cd | 100cd | 150cd | 200cd
Answer:",B,B,1,B,3,3,3
A6V14140220_p1_q0009,A6V14140220.pdf,C:\Users\rozku\Desktop\Research_Internship\Project\siemens_manuals\A6V14140220.pdf,1,"The following is a question about an industrial device. Give only the letter choice in your answer.

Question: When powering an SL2CHSC chime-strobe at 24V and configuring it for 150cd output, what current draw should the technician expect?
A. Less than 0.010 A
B. About 0.030 A
C.  Greater than 0.250 A
D.About 0.125 A
Answer:",D,D,1,D,3,3,3
A6V15441859_p1_q0010,A6V15441859.pdf,C:\Users\rozku\Desktop\Research_Internship\Project\siemens_manuals\A6V15441859.pdf,1,"The following is a question about an industrial device. Give only the letter choice in your answer.

Question: A technician is selecting a QMX6 variant for a room where both humidity and CO₂ must be monitored internally. Which model meets this requirement?
A. QMX6.P30
B. QMX6.P40
C. QMX6.P70
D. QMX6.P34
Answer:",C,C,1,C,3,3,3
A6V15441859_p1_q0011,A6V15441859.pdf,C:\Users\rozku\Desktop\Research_Internship\Project\siemens_manuals\A6V15441859.pdf,1,"The following is a question about an industrial device. Give only the letter choice in your answer.

Question: A user reports that the Green Leaf symbol is glowing red on the device. What does this indicate?
A. The room is in protection mode
B. The current temperature setpoint is outside the configured energy-efficient range
C. The CO₂ level is too high
D. The relative humidity is below the lower threshold
Answer:",B,B,1,B,3,3,3
A6V15441859_p1_q0012,A6V15441859.pdf,C:\Users\rozku\Desktop\Research_Internship\Project\siemens_manuals\A6V15441859.pdf,1,"The following is a question about an industrial device. Give only the letter choice in your answer.

Question: When performing a manual commissioning on a QMX6 unit without a display, what does a flashing LED indicate after holding the programming pin for more than two seconds?
A. Factory reset was completed
B. The device has been locked
C. A connection test is running
D. The unit is in operation lock mode
Answer:",C,C,1,C,3,3,3
A6V112487691_p1_q0013,A6V112487691.pdf,C:\Users\rozku\Desktop\Research_Internship\Project\siemens_manuals\A6V112487691.pdf,1,"The following is a question about an industrial device. Give only the letter choice in your answer.

Question: A technician is verifying whether an SL2 weatherproof device can operate in extreme outdoor temperatures. What is the supported operating temperature range for these units?
A. –40 °C to 66 °C
B. –25 °C to 50 °C
C. –10 °C to 40 °C
D. –55 °C to 85 °C
Answer:",A,A,1,A,3,3,3
A6V112487691_p1_q0014,A6V112487691.pdf,C:\Users\rozku\Desktop\Research_Internship\Project\siemens_manuals\A6V112487691.pdf,1,"The following is a question about an industrial device. Give only the letter choice in your answer.

Question: When configuring an SL2 multi-tone horn to the HI/LO alternating tone, which switch setting combination must be used?
A. POS2 = 1, POS3 = 1, POS4 = 1
B. POS2 = 1, POS3 = 0, POS4 = 1
C. POS2 = 0, POS3 = 1, POS4 = 0
D. POS2 = 0, POS3 = 0, POS4 = 0
Answer:",D,D,1,D,3,3,3
A6V112487691_p1_q0015,A6V112487691.pdf,C:\Users\rozku\Desktop\Research_Internship\Project\siemens_manuals\A6V112487691.pdf,1,"The following is a question about an industrial device. Give only the letter choice in your answer.

Question: A field tech is installing a blue-lens SL2 weatherproof strobe. Which set of candela values is available for blue-lens models?
A. 15cd, 30cd, 60cd, 75cd, 115cd, 125cd
B. 15cd, 30cd, 75cd, 95cd, 150cd, 177cd
C. 15cd, 30cd, 75cd, 110cd, 150cd, 185cd
D. 10cd, 20cd, 40cd, 50cd, 75cd, 80cd
Answer:",A,A,1,A,3,3,3
colorimeter_p1_q0016,colorimeter.pdf,C:\Users\rozku\Desktop\Research_Internship\Project\siemens_manuals\colorimeter.pdf,1,"The following is a question about an industrial device. Give only the letter choice in your answer.

Question: A technician needs to measure printed samples under ISO 13655 Measurement Condition M1. Which feature allows the FD-7/FD-5 to perform this correctly?
A. VFS (Virtual Fluorescence Standard) technology
B. Automatic polarization calibration
C. Dot-gain compensation algorithm
D. Built-in ambient-light shielding
Answer:",A,A,1,A,3,3,3
colorimeter_p1_q0017,colorimeter.pdf,C:\Users\rozku\Desktop\Research_Internship\Project\siemens_manuals\colorimeter.pdf,1,"The following is a question about an industrial device. Give only the letter choice in your answer.

Question: A print shop wants to measure the illuminance and color temperature inside their viewing booth. Which model supports this function?
A. Only FD-5
B. Only FD-7
C. Both FD-7 and FD-5
D. Neither model
Answer:",B,B,1,B,3,3,3
colorimeter_p1_q0018,colorimeter.pdf,C:\Users\rozku\Desktop\Research_Internship\Project\siemens_manuals\colorimeter.pdf,1,"The following is a question about an industrial device. Give only the letter choice in your answer.

Question: A technician wants to confirm that the device fits comfortably in one hand. What is the approximate weight of the FD-7 or FD-5 main body alone?
A. 150 g
B. 350 g
C. 600 g
D. 900 g
Answer:",B,A,0,"The provided text and images do not contain any information about a device model called ""FD-7"" or ""FD-5,"" nor do they mention the weight of any main body for such a device. The images and text are related to the Gigaset C470 IP cordless phone system, and the text",3,3,3
DESIGOpx_p1_q0019,DESIGOpx.pdf,C:\Users\rozku\Desktop\Research_Internship\Project\siemens_manuals\DESIGOpx.pdf,1,"The following is a question about an industrial device. Give only the letter choice in your answer.

Question: A technician is wiring the LONWORKS interface of a PXR unit. What is the maximum cable length permitted in a free-topology installation?
A. 90 m
B. 210 m
C. 450 m
D. 900 m
Answer:",C,C,1,C,3,3,3
DESIGOpx_p1_q0020,DESIGOpx.pdf,C:\Users\rozku\Desktop\Research_Internship\Project\siemens_manuals\DESIGOpx.pdf,1,"The following is a question about an industrial device. Give only the letter choice in your answer.

Question: During startup of a PXR system controller, a technician notices the red STATUS LED flashing rapidly. What does this indicate?
A. No power present
B. LONWORKS node unconfigured
C. No valid firmware present
D. Firmware functioning correctly
Answer:",C,C,1,C,3,3,3
DESIGOpx_p1_q0021,DESIGOpx.pdf,C:\Users\rozku\Desktop\Research_Internship\Project\siemens_manuals\DESIGOpx.pdf,1,"The following is a question about an industrial device. Give only the letter choice in your answer.

Question: When assigning a BACnet address to a PXR controller, which method is available to initiate identification from the hardware itself?
A. Hold the battery pin for 10 seconds
B. Press the BACnet service pin on the PCB
C. Cycle the AC24V power twice within 5 seconds
D. Disconnect COM2 briefly
Answer:",B,B,1,B,3,3,3
Gigaset_p1_q0022,Gigaset.pdf,C:\Users\rozku\Desktop\Research_Internship\Project\siemens_manuals\Gigaset.pdf,1,"The following is a question about an industrial device. Give only the letter choice in your answer.

Question: A technician is preparing multiple C470 IP handsets. Which battery-related action is explicitly forbidden due to safety risks?
A. Using conventional non-rechargeable batteries
B. Charging the handset overnight
C. Removing the battery cover before inserting batteries
D. Fully discharging the batteries before first use
Answer:",A,A,1,A,3,3,3
Gigaset_p1_q0023,Gigaset.pdf,C:\Users\rozku\Desktop\Research_Internship\Project\siemens_manuals\Gigaset.pdf,1,"The following is a question about an industrial device. Give only the letter choice in your answer.

Question: When wiring the base station, which specific cable must be used to connect it to the router for VoIP capability?
A. Coaxial RF cable
B. Standard Ethernet (LAN) cable
C. Shielded RJ11 telephone cable
D. USB-A to USB-B cable
Answer:",B,B,1,B,3,3,3
Gigaset_p1_q0024,Gigaset.pdf,C:\Users\rozku\Desktop\Research_Internship\Project\siemens_manuals\Gigaset.pdf,1,"The following is a question about an industrial device. Give only the letter choice in your answer.

Question: When configuring VoIP for the first time, what triggers the connection assistant on the handset?
A. Power-cycling the base station
B. Inserting the batteries
C. Pressing and holding the talk key
D. The message key beginning to flash
Answer:",D,D,1,D,3,3,3
sitransl_lr120_fi01_en_p1_q0025,sitransl_lr120_fi01_en.pdf,C:\Users\rozku\Desktop\Research_Internship\Project\siemens_manuals\sitransl_lr120_fi01_en.pdf,1,"The following is a question about an industrial device. Give only the letter choice in your answer.

Question: A technician is wiring an LR120 using the HART 4–20 mA loop. What is the acceptable supply voltage range for proper operation?
A. 8 … 30 V DC
B. 12 … 35 V DC
C. 24 … 48 V DC
D. 5 … 15 V DC
Answer:",B,A,0,A,3,3,3
sitransl_lr120_fi01_en_p1_q0026,sitransl_lr120_fi01_en.pdf,C:\Users\rozku\Desktop\Research_Internship\Project\siemens_manuals\sitransl_lr120_fi01_en.pdf,1,"The following is a question about an industrial device. Give only the letter choice in your answer.

Question: An LR120 is being installed outdoors in a region with extreme temperatures. What ambient temperature range is the device rated to withstand?
A. –20 … +60 °C
B. –10 … +50 °C
C. –40 … +80 °C
D. –55 … +85 °C
Answer:",C,C,1,C,3,3,3
sitransl_lr120_fi01_en_p1_q0027,sitransl_lr120_fi01_en.pdf,C:\Users\rozku\Desktop\Research_Internship\Project\siemens_manuals\sitransl_lr120_fi01_en.pdf,1,"The following is a question about an industrial device. Give only the letter choice in your answer.

Question: A user needs to measure level in a tall solids silo containing plastic pellets. What is the maximum measurement range the LR120 can achieve?
A. 10 m
B. 18 m
C. 30 m
D. 60 m
Answer:",C,C,1,C,3,3,3
sitransl_lr120_fi01_en_p1_q0028,sitransl_lr120_fi01_en.pdf,C:\Users\rozku\Desktop\Research_Internship\Project\siemens_manuals\sitransl_lr120_fi01_en.pdf,1,"The following is a question about an industrial device. Give only the letter choice in your answer.

Question: A technician must confirm which thread style is shown on the Probe LU240 body: the drawing shows a straight cylindrical thread with parallel flanks, not a tapered thread. Which process connection does this correspond to?
A. 2"" NPT
B. R 2"" (BSPT)
C. G 2"" (BSPP)
D. PF 2"" metric taper
Answer:",C,C,1,C,3,3,3
sitransl_lr120_fi01_en_p1_q0029,sitransl_lr120_fi01_en.pdf,C:\Users\rozku\Desktop\Research_Internship\Project\siemens_manuals\sitransl_lr120_fi01_en.pdf,1,"The following is a question about an industrial device. Give only the letter choice in your answer.

Question: The mechanical drawing of the optional Bluetooth module shows it mounted on the upper portion of the LU240 enclosure. Which orientation matches the drawing?
A. It mounts above the main enclosure using a threaded coupling facing upward
B. It clips onto the side of the enclosure below the electronics cavity
C. It installs inside the transducer horn with no external projection
D. It replaces the entire lid and sits flush with the transducer housing
Answer:",A,A,1,A,3,3,3
sitransl_lr120_fi01_en_p1_q0030,sitransl_lr120_fi01_en.pdf,C:\Users\rozku\Desktop\Research_Internship\Project\siemens_manuals\sitransl_lr120_fi01_en.pdf,1,"The following is a question about an industrial device. Give only the letter choice in your answer.

Question: The wiring diagram shows the LU240 has two cable entries and the wiring block connects the HART loop between the brown and blue supply leads. Based on that diagram, which statement correctly describes the polarity?

A. Brown = negative loop return, Blue = positive supply
B. Brown = positive supply, Blue = negative loop return
C. Both Blue and Brown are positive because LU240 is polarity-agnostic
D. Brown is shield and Blue is signal
Answer:",B,B,1,B,3,3,3
sitranstdl_ap01_en_p1_q0031,sitranstdl_ap01_en.pdf,C:\Users\rozku\Desktop\Research_Internship\Project\siemens_manuals\sitranstdl_ap01_en.pdf,1,"The following is a question about an industrial device. Give only the letter choice in your answer.

Question: A technician is verifying the mechanical alignment of the emitter and detector. The dimensional drawing shows the sensor heads mounted on opposite sides of the duct, with each optical window centered at the same height. Based on this geometry, which condition must be true for the beam to reach the detector without clipping?

A. The emitter must sit slightly above the detector to compensate for beam divergence
B. Both optical windows must lie on the same horizontal axis through the duct
C. The detector must be angled downward so the beam drops into the aperture
D. The emitter must be rotated 45° relative to the duct flange
Answer:",B,B,1,B,3,3,3
sitranstdl_ap01_en_p1_q0032,sitranstdl_ap01_en.pdf,C:\Users\rozku\Desktop\Research_Internship\Project\siemens_manuals\sitranstdl_ap01_en.pdf,1,"The following is a question about an industrial device. Give only the letter choice in your answer.

The mechanical layout shows the emitter housing extending noticeably further in one direction than the detector housing, creating an asymmetric footprint. During installation, this means:

A. The emitter requires additional clearance behind its enclosure for cable glands
B. The detector must be offset by 30° to compensate for the longer emitter housing
C. Both housings can be mounted flush because their lengths are identical
D. The alignment flanges automatically correct for differences in housing length
Answer:",A,A,1,A,3,3,3
sitranstdl_ap01_en_p1_q0033,sitranstdl_ap01_en.pdf,C:\Users\rozku\Desktop\Research_Internship\Project\siemens_manuals\sitranstdl_ap01_en.pdf,1,"The following is a question about an industrial device. Give only the letter choice in your answer.

Looking at the cross-duct mechanical layout, each unit includes two small ports positioned near the optical window. If a technician is configuring sensor-side purging, which statement aligns with how these ports are arranged?

A. The purging gas must enter at the bottom only and exit through the process flange
B. The purging gas enters and exits through two dedicated ports on each sensor enclosure
C. The purging gas path reverses depending on whether CO or NH₃ is the target gas
D. Sensor-side purging is only possible on the detector side
Answer:",B,B,1,B,3,3,3
surge_protector_p1_q0034,surge_protector.pdf,C:\Users\rozku\Desktop\Research_Internship\Project\siemens_manuals\surge_protector.pdf,1,"The following is a question about an industrial device. Give only the letter choice in your answer.

Question: How many full turns must the conduit achieve to properly seat the SPD hub without over-tightening or leaving the engagement too shallow?
A. 3
B. 4
C. 6
D. 8
Answer:",C,C,1,C,3,3,3
surge_protector_p1_q0035,surge_protector.pdf,C:\Users\rozku\Desktop\Research_Internship\Project\siemens_manuals\surge_protector.pdf,1,"The following is a question about an industrial device. Give only the letter choice in your answer.

Question: In the wiring layout used for high-leg delta systems, which phase position is identified as the elevated leg requiring orange marking?
A. Phase A (left)
B. Phase B (center)
C. Phase C (right)
D. Neutral position
Answer:",B,B,1,B,3,3,3
surge_protector_p1_q0036,surge_protector.pdf,C:\Users\rozku\Desktop\Research_Internship\Project\siemens_manuals\surge_protector.pdf,1,"The following is a question about an industrial device. Give only the letter choice in your answer.

Question: The SPD’s dry-contact block shows three adjacent terminals for each pole. In the orientation shown, what is the order from left to right?
A. Common – Normally Closed – Normally Open
B. Normally Closed – Common – Normally Open
C. Normally Open – Normally Closed – Common
D. Normally Open – Common – Normally Closed
Answer:",A,B,0,B,3,3,3
user-manual-4019_(manymanuals.com)_p1_q0037,user-manual-4019_(manymanuals.com).pdf,C:\Users\rozku\Desktop\Research_Internship\Project\siemens_manuals\user-manual-4019_(manymanuals.com).pdf,1,"The following is a question about an industrial device. Give only the letter choice in your answer.

Question: On Siemens SQD35.00 / SQD65 / SQD85.03 actuators, the terminal block layout places Y1 and Y2 on opposite sides of the supply terminals. According to this layout, what does terminal Y1 command the actuator to do?
A. Retract the stem and close the valve
B. Extend the stem and open the valve
C. Output a feedback voltage
D. Provide the neutral reference for feedback
Answer:",B,B,1,B,3,3,3
user-manual-4019_(manymanuals.com)_p1_q0038,user-manual-4019_(manymanuals.com).pdf,C:\Users\rozku\Desktop\Research_Internship\Project\siemens_manuals\user-manual-4019_(manymanuals.com).pdf,1,"The following is a question about an industrial device. Give only the letter choice in your answer.

Question: The internal diagrams for Siemens SQD35.00 / SQD85.03 actuators show two end switches mounted at opposite travel limits. Which switch corresponds to the fully extended 100% stroke position?
A. c1
B. Cm1
C. Cm2
D. U
Answer:",B,D,0,D,3,3,3
user-manual-4019_(manymanuals.com)_p1_q0039,user-manual-4019_(manymanuals.com).pdf,C:\Users\rozku\Desktop\Research_Internship\Project\siemens_manuals\user-manual-4019_(manymanuals.com).pdf,1,"The following is a question about an industrial device. Give only the letter choice in your answer.

Question: The Siemens SQD65 actuator includes a selector bridge S1 on the PCB for choosing valve flow characteristics. According to the S1 wiring arrangement, which connection sets the actuator to a linear flow characteristic?
A. B–C
B. A–C
C. R–M
D. M–C
Answer:",A,A,1,A,3,3,3
user-manual-13208_(manymanuals.com)_p1_q0040,user-manual-13208_(manymanuals.com).pdf,C:\Users\rozku\Desktop\Research_Internship\Project\siemens_manuals\user-manual-13208_(manymanuals.com).pdf,1,"The following is a question about an industrial device. Give only the letter choice in your answer.

Question: On Siemens PXC001.D / PXC001-E.D system controllers, the supply terminal block shows three numbered positions. Which terminal is designated as the functional earth connection?
A. Terminal 1
B. Terminal 2
C. Terminal 3
D. Terminal 5
Answer:",C,C,1,C,3,3,3
user-manual-13208_(manymanuals.com)_p1_q0041,user-manual-13208_(manymanuals.com).pdf,C:\Users\rozku\Desktop\Research_Internship\Project\siemens_manuals\user-manual-13208_(manymanuals.com).pdf,1,"The following is a question about an industrial device. Give only the letter choice in your answer.

Question: When observing the LED panel of a Siemens PXC001 controller, which LED behavior indicates missing or corrupt firmware?
A. RUN LED continuously OFF
B. FAULT LED continuously ON
C. LOW BATT LED flashing
D. COMM LED flashing
Answer:",B,B,1,B,3,3,3
user-manual-13208_(manymanuals.com)_p1_q0042,user-manual-13208_(manymanuals.com).pdf,C:\Users\rozku\Desktop\Research_Internship\Project\siemens_manuals\user-manual-13208_(manymanuals.com).pdf,1,"The following is a question about an industrial device. Give only the letter choice in your answer.

Question: On Siemens PXC001-E.D controllers, the communication-side drawing shows multiple RJ45 ports. Which port provides the BACnet/IP Ethernet connection?
A. The RJ45 labeled “HMI”
B. The RJ45 adjacent to the KNX tool interface
C. The RJ45 on the lower-right corner marked RS485
D. The RJ45 identified as the Ethernet port with standard AT&T256 pinout
Answer:",D,D,1,D,3,3,3
user-manual-16588_(manymanuals.com)_p1_q0043,user-manual-16588_(manymanuals.com).pdf,C:\Users\rozku\Desktop\Research_Internship\Project\siemens_manuals\user-manual-16588_(manymanuals.com).pdf,1,"The following is a question about an industrial device. Give only the letter choice in your answer.

Question: On the Siemens SiPass ACS3110, the LED row shows multiple red indicators with different symbols. According to the LED arrangement, which indicator lights when the reader is placed into Program Mode?
A. The red “Add” LED
B. The red “Void” LED
C. The red “Program” LED
D. The green “Open” LED
Answer:",C,C,1,C,3,3,3
user-manual-16588_(manymanuals.com)_p1_q0044,user-manual-16588_(manymanuals.com).pdf,C:\Users\rozku\Desktop\Research_Internship\Project\siemens_manuals\user-manual-16588_(manymanuals.com).pdf,1,"The following is a question about an industrial device. Give only the letter choice in your answer.

Question: The ACS3110 manual includes a badge-type table showing old vs. new card designs with unique pictograms. Based on this table, which badge type displays a yellow arrow symbol on the new badge design?
A. Void Master
B. Add Master
C. Night Lock Master
D. User Badge
Answer:",C,C,1,C,3,3,3
user-manual-16588_(manymanuals.com)_p1_q0045,user-manual-16588_(manymanuals.com).pdf,C:\Users\rozku\Desktop\Research_Internship\Project\siemens_manuals\user-manual-16588_(manymanuals.com).pdf,1,"The following is a question about an industrial device. Give only the letter choice in your answer.

Question: During the initial programming of a Siemens SiPass ACS3110, the flow diagram shows multiple transitions when stepping through Program Mode. After presenting the Program Master twice to enter the sequence, which mode does the unit enter next?
A. Normal Access
B. Add Mode
C. Night Lock Mode
D. Void Mode
Answer:",D,D,1,D,3,3,3
user-manual-17028_(manymanuals.com)_p1_q0046,user-manual-17028_(manymanuals.com).pdf,C:\Users\rozku\Desktop\Research_Internship\Project\siemens_manuals\user-manual-17028_(manymanuals.com).pdf,1,"The following is a question about an industrial device. Give only the letter choice in your answer.

Question: On the Siemens SIDOOR AT18, the input terminal block X6 lists four signal inputs in a specific left-to-right order. According to the wiring layout, which signal appears on the rightmost position of X6?
A. Light barrier
B. Nudge
C. Close
D. Open
Answer:",D,D,1,D,3,3,3
user-manual-17028_(manymanuals.com)_p1_q0047,user-manual-17028_(manymanuals.com).pdf,C:\Users\rozku\Desktop\Research_Internship\Project\siemens_manuals\user-manual-17028_(manymanuals.com).pdf,1,"The following is a question about an industrial device. Give only the letter choice in your answer.

Question: During the AT18 teach-in drive, the 7-segment display (H5000) shows different letters at different stages. Which letter appears after the friction-measurement cycle, when the door width and parameters have been stored?
A. H
B. u
C. o
D. C
Answer:",B,B,1,B,3,3,3
user-manual-17028_(manymanuals.com)_p1_q0048,user-manual-17028_(manymanuals.com).pdf,C:\Users\rozku\Desktop\Research_Internship\Project\siemens_manuals\user-manual-17028_(manymanuals.com).pdf,1,"The following is a question about an industrial device. Give only the letter choice in your answer.

Question: On the Siemens SIDOOR AT18, the X6 terminal block shows four input signals in a specific left-to-right order. Based on the mapping shown in the unit illustration, which signal occupies the leftmost X6 position?
A. Close
B. Light barrier
C. Open
D. Nudge
Answer:",B,B,1,B,3,3,3
user-manual-26104_(manymanuals.com)_p1_q0049,user-manual-26104_(manymanuals.com).pdf,C:\Users\rozku\Desktop\Research_Internship\Project\siemens_manuals\user-manual-26104_(manymanuals.com).pdf,1,"The following is a question about an industrial device. Give only the letter choice in your answer.

Question: In the LAGUN GCM 4 / 5 / 6 / 8 / 10 layout drawing, the machine footprint dimensions include a long front-to-back measurement labeled consistently across all models. What is this shared dimension?
A. 6616 mm
B. 5500 mm
C. 3905.5 mm
D. 1175 mm
Answer:",A,C,0,C,3,3,3
user-manual-26104_(manymanuals.com)_p1_q0050,user-manual-26104_(manymanuals.com).pdf,C:\Users\rozku\Desktop\Research_Internship\Project\siemens_manuals\user-manual-26104_(manymanuals.com).pdf,1,"The following is a question about an industrial device. Give only the letter choice in your answer.

Question: The spindle-head diagrams for the LAGUN GCM machines show several head options. Which head type is depicted with a 45° two-body junction, enabling angular machining without an external attachment?
A. Hure head
B. Horizontal L 290 mm
C. Horizontal L 650 mm
D. Orthogonal head
Answer:",A,D,0,D,3,3,3
user-manual-26104_(manymanuals.com)_p1_q0051,user-manual-26104_(manymanuals.com).pdf,C:\Users\rozku\Desktop\Research_Internship\Project\siemens_manuals\user-manual-26104_(manymanuals.com).pdf,1,"The following is a question about an industrial device. Give only the letter choice in your answer.

Question: The main-motor torque graph in the GCM documentation shows two distinct operating zones. In the constant-torque zone (0–250 min⁻¹), what happens as spindle speed decreases?
A. Torque rises while power drops
B. Torque remains constant while power decreases
C. Power remains constant while torque decreases
D. Both torque and power remain constant
Answer:",B,B,1,B,3,3,3
user-manual-47808_(manymanuals.com)_p1_q0052,user-manual-47808_(manymanuals.com).pdf,C:\Users\rozku\Desktop\Research_Internship\Project\siemens_manuals\user-manual-47808_(manymanuals.com).pdf,1,"The following is a question about an industrial device. Give only the letter choice in your answer.

Question: On the Siemens SIMATIC 505 High Speed Counter module, the LED block shows four indicators per channel. According to the LED arrangement, which LED turns on only when Output 2 of that channel is active?
A. The leftmost LED
B. The second LED
C. The third LED
D. The rightmost LED
Answer:",D,D,1,D,3,3,3
user-manual-47808_(manymanuals.com)_p1_q0053,user-manual-47808_(manymanuals.com).pdf,C:\Users\rozku\Desktop\Research_Internship\Project\siemens_manuals\user-manual-47808_(manymanuals.com).pdf,1,"The following is a question about an industrial device. Give only the letter choice in your answer.

Question: The terminal block drawing for the Siemens SIMATIC 505 HSC shows separate positive and negative terminals for A, B, Reset, and Inhibit inputs. For a sourcing encoder connection, which terminal pair is used for Channel 1 – Input A?
A. A+ and A–
B. A+ and INH–
C. A– and B–
D. B+ and INH+
Answer:",A,A,1,A,3,3,3
user-manual-47808_(manymanuals.com)_p1_q0054,user-manual-47808_(manymanuals.com).pdf,C:\Users\rozku\Desktop\Research_Internship\Project\siemens_manuals\user-manual-47808_(manymanuals.com).pdf,1,"The following is a question about an industrial device. Give only the letter choice in your answer.

Question: In the Siemens SIMATIC 505 HSC timing diagrams for quadrature counting, the 4X quadrature mode increments the count in which of the following cases?
A. Only rising edges of A
B. Rising and falling edges of A
C. Rising edges of A and rising edges of B
D. Rising and falling edges of both A and B
Answer:",D,D,1,D,3,3,3
vacuum_circuitbreaker_p1_q0055,vacuum_circuitbreaker.pdf,C:\Users\rozku\Desktop\Research_Internship\Project\siemens_manuals\vacuum_circuitbreaker.pdf,1,"The following is a question about an industrial device. Give only the letter choice in your answer.

Question: In the Siemens 3AH5 vacuum circuit-breaker pole-assembly drawing, the contact system shows the upper interrupter end rigidly fixed while the lower end travels axially. Which structural component provides this guided axial movement?
A. The upper interrupter support
B. The lower interrupter support
C. The brace
D. The operating mechanism shaft
Answer:",B,B,1,B,3,3,3
vacuum_circuitbreaker_p1_q0056,vacuum_circuitbreaker.pdf,C:\Users\rozku\Desktop\Research_Internship\Project\siemens_manuals\vacuum_circuitbreaker.pdf,1,"The following is a question about an industrial device. Give only the letter choice in your answer.

Question: The Siemens 3AH5 altitude-correction curve depicts the required insulation level increasing with altitude. At 2500 m, which rated lightning impulse withstand voltage must be selected to achieve 75 kV performance at site?
A. 75 kV
B. 80 kV
C. 90 kV
D. 125 kV
Answer:",C,C,1,C,3,3,3
vacuum_circuitbreaker_p1_q0057,vacuum_circuitbreaker.pdf,C:\Users\rozku\Desktop\Research_Internship\Project\siemens_manuals\vacuum_circuitbreaker.pdf,1,"The following is a question about an industrial device. Give only the letter choice in your answer.

Question: In the Siemens 3AH5 current-rating graph, four characteristic curves (800 A, 1250 A, 2000 A, 2500 A) rise at lower ambient temperatures. At +40 °C, which current-rating curve reaches the highest nominal value?
A. 800 A
B. 1250 A
C. 2000 A
D. 2500 A
Answer:",D,D,1,D,3,3,3
WL250_ST-S_SA_wt10_en_p1_q0058,WL250_ST-S_SA_wt10_en.pdf,C:\Users\rozku\Desktop\Research_Internship\Project\siemens_manuals\WL250_ST-S_SA_wt10_en.pdf,1,"The following is a question about an industrial device. Give only the letter choice in your answer.

Question: For the Siemens SIWAREX WL250 ST-S SA load cell, the wiring diagram lists five conductor colors. According to this layout, which color corresponds to the measured signal negative (SIG–) lead?
A. Red
B. Green
C. White
D. Black
Answer:",C,B,0,B,3,3,3
WL250_ST-S_SA_wt10_en_p1_q0059,WL250_ST-S_SA_wt10_en.pdf,C:\Users\rozku\Desktop\Research_Internship\Project\siemens_manuals\WL250_ST-S_SA_wt10_en.pdf,1,"The following is a question about an industrial device. Give only the letter choice in your answer.

Question: In the dimensional drawing of the Siemens SIWAREX WL250 ST-S SA load cell, the 10-ton variant uses which threaded mounting interface?
A. M8
B. M12
C. M20 × 1.5
D. M30 × 2
Answer:",D,C,0,C,3,3,3
WL250_ST-S_SA_wt10_en_p1_q0060,WL250_ST-S_SA_wt10_en.pdf,C:\Users\rozku\Desktop\Research_Internship\Project\siemens_manuals\WL250_ST-S_SA_wt10_en.pdf,1,"The following is a question about an industrial device. Give only the letter choice in your answer.

Question: The specification table for the Siemens SIWAREX WL250 ST-S SA shows different rated displacements depending on the load class. Which rated load group produces the largest displacement under nominal load?
A. 2.5–5 t
B. 250–500 kg
C. 1 t
D. 50–100 kg
Answer:",A,A,1,A,3,3,3
